id,address,zip_code
t_FFcwUutj9mIYKGw_gHsQ,130 Dartmouth St,02116
xZ22_0eJOgaiKqIhoSHrPw,131 State St,02109
yBIN7uSzd5saehWA1I_GBw,383 Congress St,02210
lCMN0raxlHnBFDoLgkz4sw,1508 Tremont St,02120
MKIngNGj0_cBKV4leGuCjw,138 Cambridge St,02114
P9AJqEYOT--zGRfK7QQlmQ,21 Beacon St,02108
rdpY_LeMnDnfeK47eDnDOw,425 W Broadway,02127
m1ertlgQIxAl74D7nCsvbQ,800 Boylston St,02199
sYhfhua7GWiGLQkIUP_TWQ,698 Assembly Row,02145
qVNYCZi2ofv-oe293JsYkg,75 Chestnut St,02108
09pqlAR4TSjQXNTiB4cXjw,21 Temple Pl,02111
1C32E52HmhRC3GNwkX2nZg,152 Dorchester Ave,02127
-pK1SR3blPDEzYKwXk4L5Q,329 Columbus Ave,02116
geqpfK2WO6uHJCDpNofURA,584 Tremont St,02118
p8ohzzGvGRCHnJKnyO7exA,528 Commonwealth Ave,02215
Y7B9tTmHPXgNwu5SRGtgtQ,22 W Broadway,02127
RA5FI-4bR3P13TGacQ_WKg,255 Tremont St,02116
-S_m_GBqkGEjABeO0FaxzA,255 State St,02109
YGSacISAJEsEGrBKFwR0Gg,10 Westland Ave,02115
K1wwqd6ZSTOKxkmZ-6VV6g,557 Boylston St,02116
yHuV7fdSJT96ChiWpDrU-Q,277 Washington St,02108
MWI3zR7RperRH8CZKIU7Sw,800 Boylston St,02199
ZzOD1ur-Hd4n4ts58w_OEg,60 Franklin St,02110
cwUUnKCZs8Zild6n2uwiSA,11 Dorchester St,02127
E2De90kZUtXIS2dy-vn1yg,371 Commonwealth Ave,02115
DXho4NyanHYoI84uev9Omw,40 West 3rd St,02127
WDpPZYEZhf7LLv3PyTeb4Q,75 Northern Ave,02210
0sZ7ObzXZ5KM82g7Q7awqA,102 Waltham St,02118
UYEP_G4fYVxasowdgd5Icg,225 Northern Ave,02210
kAFRR5tmi3RI8-XfLpNi5Q,1 Harborside Dr,02128
s04-wSKxALS4Xym6OEryyA,224 Boston St,02125
3Ij5-sg_-N7Gdbx9SOnq7A,1 District Ave,02125
Uh-vmfKAZAhSeauShT0UEQ,47 Massachusetts Ave,02115
r28bxKFNTRKaXYcemS8KNw,50 Park Plz,02116
6cGcl4ZDDxDtfxyc6PKFPQ,867 Boylston St,02116
loRoCo53b30zgHZ_mIMatQ,80 W Broadway,02127
CWqL2TEq_V9tipCj-X-GoQ,170 Milk St,02109
K676uk86gZfTBbXw9TvbMw,26 Chandler St,02116
bpuQzgbzKohXD8MuE6ZCaw,70 Sleeper St,02211
dzYTNSUTt81QsJOd29hwGQ,279 Dartmouth St,02116
Ug6ngfzLT_cPzSttve1OzQ,800 Boylston St,02199
gOjh7RMDZDn4h-QmwnAseA,327 Newbury St,02115
zMpWhHh6Cp1BkFRM8cbPhA,14 Tyler St,02143
RF2YhEH__pDNKAhMwZmCUA,101 S Market St,02109
pHIfIJiANQNDO_JxQKnorw,9 Sanborn Ct,02143
58cDJU4cub1o0o0B4h9GrA,853 Main St,02139
6H313b3O6gTULpR7fV2FsQ,70 Rowes Wharf,02110
DkuCJwpeiGhW41EEcOKweg,215 Charles St,02114
25sny_QPRSFNxCPqu1oRqw,220 Northern Ave,02210
_0d408AYQPBJ0ywAaFBF3g,51 Sleeper St,02210
nfZLdMmcqPbmSooutrc9yQ,25 Evans Way,02115
3SFk3-fboi1U9PFEDs1o3Q,279A Newbury St,02116
WkjIWu8rIpAAUhnqsuik9w,2447 Massachusetts Ave,02140
PNuPnJSwGBaqvD3fUKo4Ow,750 Adams St,02122
oYN2AV5oYv93Z2NevvOKmA,59 Jfk St,02138
PYDzfxSLUCCwQysbOkFSVA,1 Kendall Sq,02139
HCHxbmFDip0E51onVkcnZg,321 Arsenal St,02472
WSrBt8DkKbAIZQnT92v8Ag,597 Centre St,02130
KwL8wWNuUHoplvn8ff97bg,4 Avery St,02111
T8DpRFty13MXLf6MB43aLg,279A Broadway,02139
6hSUJ53Tf1dNs_1d6EZ_pQ,40 Edwin H Land Blvd,02142
tEOfQhmSvewl2SO_XzRK3Q,1071 Cambridge St,02139
_9ZZv5V-uM5BXx3P-HslIw,14 Jfk St,02138
83QCpMgQrifnp_OiyYwcTA,87 Glenville Ave,02134
gOdMTg1eE3lSnNbYf85llQ,25 Charles St,02114
gKnkxVBk1Tstu5QnBjk86w,6 New St,02128
O514WuYF2bGk9K1UIdndvg,1 Legends Way,02114
knIq-vPHJGFC0UzAtIFESw,1657 Beacon St,02445
1ormi492NqirB_kU_a8W-w,450 Kendall St,02142
xo7g1UhRVROVPBnQCgpULQ,2263 Massachusetts Ave,02140
5P5ycXMBRKvIZaEAKTdBBg,308 Harvard St,02446
Nqiq5VzRDIEQ4LEflwdW-A,1 Ave De Lafayette,02111
1vTR-yWQpthBgQuzAdUZ3w,425 Summer St,02210
ZQNf8895P81vjCfyipjhYw,25 School St,02108
Svxkliw-2cfHifMK8EvkIQ,65 Exeter St,02116
xVlD-6Ni4eVJfHNdg9uIfA,763 Centre St,02130
tyVAy-kkpui3p7zxxZok7g,49 Temple Pl,02111
nyy38msunExaObJOeH7j0Q,400 Tremont St,02116
kM6nMBQYaJlaDK2xorBV1A,140 Boylston St,02116
5gJ54ZorEYdQK7TAD7Yz7g,203 Adams St,02458
7_q1IsPoR25clSoigtGmeg,351 Hanover St,02113
uXOVFQraz1va1TrtgiqYTg,323 Hanover St,02113
HUtHbHjyu114ptcilT_M6g,441 Harvard St,02446
PUZSvR-nEHlhEi0gSADu7w,226 Newbury St,02116
GwwX5JjuOVpw0ZlBvCqEOg,253 Shawmut Ave,02118
DbwbOeat2lCqFIjmZQeZDA,115 Salem St,02113
ScslTjcxi4ubXOBiLfCOmg,11 Parmenter St,02113
ysxXehAKCjN137hnfpn6yA,280 Hanover St,02113
poswq7BdLM9Iryd9palDVQ,569 Columbus Ave,02118
xVJv__UZMNfW1O4oGUrvWw,98 Salem St,02113
bZhUufqdpg5qxsDKpIRv5A,360 Harrison Ave,02118
pOEHpNa4B6oesmr5ltiv8A,109 Salem St,02113
J1uidHIL7nE_noUuvFXj0A,37 Bowdoin St,02114
rcERANnIyyyanLU0t2qdKg,215 Charles St,02114
XQFvbZxfzbrMY_GqsYu1RQ,76 Salem St,02113
CB0KEBdcItjSDMOkcv7QtA,47 Charles St,02114
ez8T3NT5Icv2JFuUr_Qkfg,445 Hanover St,02113
5rINmqRcMlJCBR3vwMKbtg,500 Harrison Ave,02118
KmOBQdXpS2TRsGIVsUJdOw,177 Tremont St,02111
1hWZ0K2DOKZB9Xft08VZ9g,1 Huntington Ave,02116
twXlQB0UMBrAVas53QN9BA,782 Tremont St,02118
ZZoP396jgh6zK7PdZbHfPg,346 Hanover St,02113
ANS_99in7H56CgBPoELspQ,111 N Washington St,02114
T4nEmSQNeTKnNgcHpnvH0A,326 Hanover St,02113
PHdD44TM-1dt0uhnm7QBNg,257 N St,02113
gCsidBqhALICug9E2AphCw,162 Columbus Ave,02116
4RpdVZIR3dV890pJ5hQd9A,116 Huntington Ave,02116
55PGG2U1z-q7Z694F-B-_w,241 Hanover St,02113
uBXOc3uxpCSmd22P6LOeew,3 North Sq,02113
lzHADoUsPvC9XCzjUX6WJA,361 Hanover St,02113
MjpH-uP90jTUp_KqAOiBJg,1525 Washington St,02118
LGNpVs8cRBllNVml8wI0Vg,190 North St,02113
a1MOjLJXAIVmYZ2cG5gKCw,348 Congress St,02210
yQL8SrSETbbCI1U5esVJQw,59 Williams St,02150
q5dHr7QnzUooZ2vSUHyVvg,417 Hanover St,02113
zgmz9izYaUlnU-Acx9L8UQ,253 Hanover St,02113
tW09hLpf18PYJxNAvNoCqA,93 Salem St,02113
UHSgwkHN_4IxeHa3pcb5Pg,520 Atlantic Ave,02210
vmKoJXSimRhwPnpePBJGXA,10 High St,02110
54Flq7X4Ugfj02_IzIoIKw,233 Hanover St,02113
J3Xb6uihPkZOKe4wNmYGFQ,24 Fleet St,02113
ElOE7WzFMX8aMS_hkqtX_w,230 Hanover St,02113
91aDQQV8_OdFC6WIHq4gng,415 Hanover St,02113
EYMC8NHn6U-4WpLo54dQtw,433 Columbus Ave,02116
j7CMOTyf3WHs8hmbpqiL4A,89 Charles St,02114
m5jCNOs6QG75lkzLhMMryA,6 Prince St,02113
zvKfCAOBzVcxc1HLpoIY8A,336 Sumner St,02128
L3Vp0LhPn1DMKtGillUvgQ,29 Prince St,02113
9RH1xBIMMAZXg9s_XW_sLg,1682 Massachusetts Ave,02138
4jkGZhbMPUg3Talazishtg,One Marina Park Dr,02210
hQIiMw81yKjGh3AkZG70lg,283 Causeway St,02114
CkmykRQcSfIsbb62F4NQoQ,800 Boylston St,02199
5-yfhwOIkUhvDE_O9E0EjQ,64 Seaport Blvd,02210
boK3cyDPLmwNUV97doMCNA,379 Hanover St,02113
vQNe7TD_QDpGtGbkaAqi8Q,107 Salem St,02113
OuMpFhlw-2lpeMK3o5RI2g,135 Richmond St,02109
a3EPYlpY5fO4f4yuvZzVDw,561 Cambridge St,02141
nBG0C0J7bnBnUMB39F5O-A,26 Charles St,02114
6cE6ZKMM9QXEQIuxH_5R1w,502 Massachusetts Ave,02139
Mgkv-Kr_tcANDPYnV4PqQw,119 Salem St,02113
pksM6e_ajgLkX-mSCYxSyA,371 Hanover St,02113
25DUwcQq4ywNMivBjig2Rg,226 Hanover St,02113
kiEx6SbKY69fgDF-KVpEWA,285 Hanover St,02113
QF_XZtqJqyyaUjNop7uS_A,333 Hanover St,02113
PBt_sana68L9ZjgQzeJ7zw,250 Hanover St,02113
pVkvavnqw7t0uPx0udGqDg,52 Brattle St,02138
hmIudx02njSQxomFgbGruw,115 Water St,02109
Hnx34LxtfW4XV0gZ18zMBg,143 Richmond St,02109
wt-fwK_Y4WmJ0HBui4EsIQ,126 Broadway,02145
9ssjJoVJ8WxSNv1LamSbTA,48 Boylston St,02445
paMwLc8H3QUaGTkBteUT9g,30 Fleet St,02113
MWtkAnvwFpB5ZPhniq25XA,41 Harvard St,02445
vxkOVmhReRa4XYfAT1hMxA,150 Richmond St,02109
X5zFRt9hyd2Zoc8a1O4EZw,221 Hanover St,02113
bxy3khT-2R66tcdKjFa2pw,187 Elm St,02144
kv2YduXuMT0zXenst5zAnA,288 Hanover St,02113
0qdUCUn5GwS3PH5tJNuc-g,40 Edwin H Land Blvd,02142
pW-9K9V5KQWxd-teAtcjlQ,14 Parmenter St,02113
JzW-uJwi7cGd0c_VS8wvBQ,286 Hanover St,02113
y2w6rFaO0XEiG5mFfOsiFA,63 Salem St,02113
VnuD2cojPTWd3nIHQjnL8w,500 Commonwealth Ave,02215
sA2gVTJOBH7Qk32p48ENdQ,281 Dartmouth St,02116
AGR_kBvN__I7aTl0rBywAg,761 Boylston St,02116
_muVoNc4H_H_557WJvVWWQ,1 Charles St S,02116
Ruq91rmQNweZ78TzKylQMg,41 Union St,02108
VDmV3tPEQqFxzqQJRJazNw,255 State St,02109
GQx1WJa_Q84U1GxWyHTREg,26 Park Plz,02116
Rr7rhulFCpGvO341g-EWVg,100 Huntington Ave,02116
jGennaZUr2MsJyRhijNBfA,1 Harborside Dr,02128
eHZLtnQOjNsL1_X4TJmtOQ,355 Main St,02142
sUmsVV0RPP3Wx6MbWZKyIw,1 Harborside Dr,02128
2s4BPlsqvM4fV5F_MkF40g,304 Stuart St,02116
ly8RyiktGZwwVSAv6KZEtQ,140 Seaport Blvd,02210
OcbDf_9fan_fE_MyNsRhaw,1098 Commonwealth Ave,02215
_98MfEQ67r9-V78gmy8_Pg,161 Berkeley St,02116
oz882XuZCxajKo64Opgq_Q,88 Sleeper St,02210
cg8mfYBkdhaPrvEVblm7gQ,440 Atlantic Ave,02210
mxjVk5rvPNhzYe_vt3OSQA,550 Tremont St,02116
et8Pwzjy2vjRhETAgEZ1Lg,270 Northern Ave,02210
SJy51U18u3zJ_TccSKpPdQ,25-27 Tyler St,02111
0kNj4j1QB72Zcw3uYedkSg,1321 Boylston St,02215
I07zWZ_JGqVAp3ZPxIpDYg,50 Dalton St,02115
XPxn2iIYdJdc2ErCrWw-rQ,326 Commercial St,02109
DrfWREMxP-0JCt5Pz8_sUQ,558 Washington St,02111
bdWj8_TgF8cmiWMJC6qpCw,537 Columbus Ave,02118
OFHWBXs5-UyEYf0-MrFDUw,60 Long Wharf,02110
omw2RVtNoMJ-Eet6Tvl_IA,40 Court St,02108
ZAV8c9iGKV8zWHxOpTxdYQ,50 Gloucester St,02115
ecqjHw3jeEApa9eZ622hAA,89 Broad St,02110
XNvkDjM6rMnSfzubT32brQ,1 Faneuil Hall Market Pl,02109
xsdJ_ZYzpI-5pMcZ49M0og,101 Harborside Dr,02128
JEbgVwRUsQ3arKPhGXQj7Q,321 A St Fort Point,02210
lmw47uw9BcfPwmXxKKZPRw,223 Hanover St,02113
-YDSIWRnTYhLVrAlIHIGXQ,304 Stuart St,02116
_1r8W-j_3WwJyRRIQR86Jw,5 N Sq,02113
gkCSVmq6Mx8Z04KzkrHzCA,Ring Rd,02199
f-N5U20A9DjW3Dpwgg51yg,1 Faneuil Hall Sq,02109
AnFG7mJS4y65Azox8mSAmw,1 International Pl,02110
op2-8aK7VaNvXG8Yxas35g,15 Dunster St,02138
W0jwRIsaKlmANgd3IHBchQ,10 City Square,02129
HvtGWqaCdnE8k9PEVzhXKg,1200 Cambridge St,02139
bxK9HuWkZ_8wH8EzZyMvBg,7 Drydock Ave,02210
r7-YSA7Z8p4KISZ-jEww5A,206 S Market St,02109
DImi8qeCP-OUaLA8L2QR6A,5 Hudson St,02111
T5_3LoIuOnilA7Z5sdfGJA,269 Putnam Ave,02139
5TsjdwNt10gxGChQtGGpdg,560 Harrison Ave,02118
l4YpEuvIm_RqNXleuDIthw,272 Cambridge St,02114
VH0Ib9S3E-dxbQdQC4rffg,223 Columbus Ave,02116
9m678PeuzwYamIf6sysUHg,10 Bosworth St,02108
uYqizPy4eUSpwOha0RkVPg,9 Park St,02108
8zLHresim_7dPvkYSuBVzA,354 Congress St,02210
9JdZYh-OF_gpo5ioAdkzdQ,569 Tremont St,02118
l45r09qD9iIkQn9KoKKfuw,272 Boylston St,02116
ru2PbckR1YiXNggUVL_kEw,107 S St,02111
dXPmYs9b3xyv9Zqa0z8adA,261 Newbury St,02116
trHvcsE3xRS8YcbrDrnSmg,129 South St,02111
dy-XO6rRE1cAMMrpMDQRrw,186 Tremont St,02116
XgJWwSXomuSblxFBE-AxpA,480 Columbus Ave,02118
Lz83kK7FeMl5ZUeZpC0lfQ,233 Cardinal Medeiros Ave,02141
mP1EdIafQKMuOm9O4PzAfA,525 Tremont St,02116
-I4bxb04YkCSNCbFWto7Gw,415 Washington St,02143
qpDzEwTAYPUityT2I4BpfA,21 Nichols Ave,02472
2OkM6RT7vqCPuzuP3rvOfA,68 Aguadilla St,02118
AJpYRxL0fDtgH44TArFB0A,1612 Commonwealth Ave,02135
NYa-JphaaB41ElGsb3iawA,1704 Washington St,02118
3jG3f_bHJAtJHLI3Z0yLmw,700 Harrison Ave,02118
RX8V-PemYDvTY1V0U42_bA,470 Centre St,02130
u51e3gychuqBYNqe2xG6_w,271 Dartmouth St,02116
r36vip-S5VSvZ1VPBH00JQ,253 Summer St,02210
HL7Kfo9S3eKgJJAEVQ2rbw,1357 Washington St,02118
g2BZOLMwHViRf9hsQfKm_w,92 Peterborough St,02215
e2fLdVyjH_7KqQ6SoDIM0Q,155 Seaport Blvd,02210
A--_gxXUMp4caZzQlLPLoA,250 Northern Ave,02210
6m6CD-tzWV0lsYi89tPTKQ,472 Shawmut Ave,02118
356f-TbYJYN-shut-F1r_w,275 Shawmut Ave,02118
HJKGDdibWWWVA2yt2O2SOA,224 Amory St,02130
q-GGOicy0n2r3BF4zO4coA,658 Centre St,02130
bgV_tFbmVDKBxZni2my7XA,333 Border St,02128
iQtGgTuPT7Zb_AHtLxl5sw,291 Bennington St,02128
cSvpRCBljhJiE6NFZUwK4w,916 Commonwealth Ave,02215
G9dhca2szCof59SaODfhMA,30 Gloucester St,02115
d6lZvLNxebUYJUA8_3M3ZA,914 Beacon St,02215
Fbl_u6kesXyDObHqXvOzKQ,57 Canal St,02114
UJJFLUq9PY8uzzM0-9kiiQ,219 Elm St,02144
D6wyapYXP4lwLWjf-8_I4g,2 Oliver St,02109
_H63TVv7JmpEgY-X6D-H8Q,1620 Commonwealth Ave,02135
STgopLVLqcFNLRl-2H3VSw,58 Seaport Blvd,02210
Co394lQ-3el7bcavAW9Haw,124 Broadway,02145
kRRz2goOi0tzd9TTqlifQg,176 Boylston St,02116
LgKBFgM0hN2yyX9WfEF_JQ,1665 Beacon St,02445
xyoagpWYgFuIKcCE425epA,297 Massachusetts Ave,02139
YgcZLW4jKjHVMkjwoeM2-A,145 Dartmouth St,02116
gSkiRGUvY9pKdQ55cjWAuQ,3 Lewis St,02110
mmmNz7ErqPPu1QIhbZp3mw,11 Springfield St,02139
tKRg7pxR2Sw7aSrHTQS5mQ,160 Commonwealth Ave,02116
7B9dJn1uWTv9QPnFcDwaXw,1381 Boylston St,02215
tXiS82voSqoBACDxv1uDTw,343 Congress St,02210
gvslXIfVWkVu12MjgdlZJg,1 Kendall Sq,02139
PMnU-trprMtR9p3V_9uXLw,500 Assembly Row,02145
tkWC-xzuv41qNFDBBj67Pg,657 Washington St,02124
72PQGMhrEcIuWH-S44TprA,1145 Washington St,02118
Q8g68ZDAt93h_n_wTbwshA,9 A Tyler St,02111
gYMzNlDMnwJj5vsEX_NosA,506 Park Dr,02215
sbmq8m4zRkMkOkkCL6kGmQ,324 A St,02210
c0d6MwDQGkt4sBLVFQCaMw,553 Tremont St,02116
acRkrnOMeIiJSdbIBqDJvQ,86 Harrison Ave,02111
toy4tLf2J6-ti6JEwNrKZw,100 Northern Ave,02210
vYhVfEIyRyjN4jj-N_7iYg,91 Summer St,02110
X1qssn-paNYHiyjSxZ-VFg,1 S Market St,02109
v95lM5eqV1feLxQakFN5bA,800 Boylston St,02199
ChzM9HTXqqe0VdXSbMGoqQ,39 Stanhope St,02116
9BmP5aQyuvbT-xwpcej1Yw,508 Park Dr,02215
87f7kR7nTz8WHnmtLM_S6w,9 East St Pl,02111
Z6Io2AbJrof7TPVliMZkAg,352 Harrison Ave,02118
YCasSG_q_DdhWR6H1nhJ9A,1 Harrison Ave,02111
E3Qqa99qFy1oeGMv0wPBBQ,20B Tyler St,02111
UOh7UdNocP9q5tPwAXipAg,1002 Beacon St,02446
1nBaLt_PZQZr4QaBK2KZlg,16-18 Eliot St,02138
DkhLETFI7Z49Kbsa6E1icA,1271 Boylston St,02215
ZIDpQv9y5UWTSE-01hOfVQ,150 State St,02109
NJsT9kBEOW3uyPcvmZrfJA,1815 Massachusetts Ave,02140
AHgRWXw3IMe5WHktt3f6Xg,78 Salem St,02113
mCX9XzBLB1y5_OrFASv1mA,1024 Commonwealth Ave,02215
IqyqfQFnBsOIReGrcgaYhA,42 Beach St,02111
a-Q_GrOrCYIUOYBzsp0Y3A,10 Huntington Ave,02116
t8ulmektVH2HvHYa_SU4mw,269 Newbury St,02116
1JHyHC_guUaVwTi3m4Vu5g,21A Beacon St,02108
wMRrk6HNeZAUN596aeXtjw,1030 Commonwealth Ave,02215
DJ8L-KDfSJ7ubkqE-FmqPw,45 Gainsborough St,02115
DtpoEm-kp6mOBhsnpVzWlA,545 Boylston St,02116
1M6BZcFTnmXkxWDYqo6qPQ,8 Kneeland St,02111
apIHa_sfOox4DQkWE4u3ow,224 Newbury St,02116
pWyR94wFtrJtd8Y7Ix2sQw,310 Massachusetts Ave,02139
x1RY1aPN9I_fWGyFRZQd9g,1338 Boylston St,02215
wkQ1nCkrNlo25fRd3LCQUw,1815 Massachusetts Ave,02140
twyothQ9miHVoaOAYbHPqQ,14 Green St,02446
fdDtAd-BE3M35Prd2rgAsA,240 Cambridge St,02114
jIxhHWqxKd5ZWBIEmsFxWQ,142 Berkeley St,02116
xVxjzyMqghCYwVe_dwJzJw,412 W Broadway,02127
MkjhW1dVbl3e0AxBL0oXKw,90 N Washington St,02113
4-Tp4hstdC5XVvO4otGkuA,3 Appleton St,02116
wFSkfP9aE_F99p-K00JA4w,401 Park Dr,02215
rU0hKHmjQHX63ymqF7-9TQ,328 Washington St,02135
l6Ye6vPB6ZPZbxVxMMgvPQ,257 Norfolk Ave,02119
8hJIgeFWS_WXgQBvCpjeQg,295 Washington St,02445
A4js3H3Icd45DaaqfD5dQw,50 Hampshire St,02139
JX8z_4daLZFoeju7cccS-w,10 Avery Street,02111
sqr1T-KLQ7ED49SlAEx49w,1260 Boylston St,02215
JO1aGVtB0TYtunc4Km_-Dg,16 North St,02109
8jxuIcCA4muy2j83X-DnIA,636 Beacon St,02215
6dB2_doBzgx3SGkgyMA96g,58 Harvard Ave,02134
RC7s9vg0L3hL4LTZQhlpeg,1245 Commonwealth Ave,02134
EpNo7oP_ZGI4vfLMqmtfOg,175 Massachusetts Ave,02115
FYgNCaNNS8-75rYdq7YvhQ,75 Kneeland St,02111
8Hs6GKIaGoLLnY74leyNLQ,182 Harvard Ave,02134
xHRsdh_9UlVetHMtRXL4sQ,158 Prospect St,02139
ROKUGsp9ABxYpbH8v1PgQQ,1374 Beacon St,02446
XW3NB-c3pA0vsmsXAn2rkw,172 Brighton Ave,02134
yg1onzPFULGaEFT81CBmeQ,156 Cambridge St,02114
VrlJifUE36-U_OaiipGexA,166 Harvard Ave,02134
BbnYarlqCZkR5PP-Gqy8oA,14 Westland Ave,02115
vNlwe5I5XRhdF4S8NZkz0w,123 Brighton Ave,02134
h4Un3Tw0yKn7uCLseO7Bvg,300 Northern Ave,02210
5HMXgD_gui5n0Tc_hadesg,1395 Washington St,02118
Dvwj6KWrDZHVQwlSjYS4Iw,1100 Boylston St,02215
Hc9l2eLAGTB4lZJI3vRoPw,1301 Boylston St,02215
Qjr-YJ4Rx70XxHI4kTcVjA,2 West St,02111
BWd6NAPqPpmDhy6EQXeECA,140 Tremont St,02111
Hz_fXkcR85-6EQfkOKV5IQ,234-236 Newbury St,02116
PtjiKtL7NSLLkeB85DRpaA,77 Seaport Blvd,02210
-gbgBe9mxp7uFIUjrc1yxQ,110 Brighton Ave,02134
RJfovzPhmdt-pYHnFboM8w,1249 Commonwealth Ave,02134
kb0VfKZKHHhvDze3JZqi0Q,660 Washington St,02111
AkaYjquGGgmjvmnii8eELQ,52 Beach St,02111
T6cTsRXJ8Yze9DM8L--svA,702 Washington St,02111
n_L84L3OrtR43x8ewYHTHw,66 Beach St,02111
S-pe37YbUo7Sxx4lqgkpBQ,23 Tyler St,02111
g3OJi94JTYhIoEwqNfhI8g,262 Harrison Ave,02111
a2fNkGhYu-o3NCX4k-uSBQ,950 Massachusetts Ave,02139
nzyu4lcjIOH_zPMlaPbmrw,70 Beach St,02111
-uPcDd5ulyWh4iZm--LY-Q,4 Tyler St,02111
NUbx0gCF5jJSBvtW9eEKEA,1223 Beacon St,02446
moghdY0n6S7FWUL2eL2N5w,55 Beach St,02111
9Jiax4wZ94ZmMcMzmpdvJA,1029 Commonwealth Ave,02215
nvU5FVkMovSep9GavlwxTg,270 Third St,02142
F21KbDE_trrfC2lrByP1zg,1004 Beacon St,02446
joA7OEK0JqjRT3Qx7c9r-w,26 Oxford St,02111
ZJw7_sCOfaUmib1Q0vBAZA,18-20 Tyler St,02111
8a_P_6kYaIM2HdOEd0xzmg,50 Northern Ave,02210
kLr68qdt6nutZCuCMz5mDg,134 Hampshire St,02139
tJ6UTmPAjesBL0xz3IXSew,1346 Boylston St,02215
6-N8TPwV8Ug5cFZhGpAJ8w,669 Boylston St,02116
biYgFkftCPue7g3upflUOg,540 Atlantic Ave,02110
Uo6zk1gFwaw21YZ2gqlZCw,243 Hampshire St,02139
glluqf9RsBrWJrQp3MjHLA,1728 Massachusetts Ave,02138
lE9lGJMmsjwW8XgPOV-Wlw,503 Shirley St,02152
llMSRtQledMr2T9Qbm9VIQ,473 Albany St,02118
XPXDFaXMj38a4I9uz2h5MQ,49 Franklin St,02110
7_GG1BHaVobqRcbJOTMClA,160 Chestnut Hill Ave,02135
wmAbTvFFoo5X5XHQaG7DXw,57 Boston Wharf Rd,02210
AHC01qlTiuHn-pHVQ_4DGQ,605 W Kendall St,02142
MUup2lqjjX8JYvYjFCAAeA,25 Thomson Pl,02210
X3ltF7mz6rPCSzRRrZjrPw,635 Cambridge St,02141
ovthxd_lV4rGyHKQBVePUA,354 Newbury St,02115
hHVq3NS0ZW9G-ZcLurvUJQ,16 Tyler St,02111
PUc_-8Xb7OyDtrn5Y4EMDQ,80 Brighton Ave,02134
Q2dq9Eo1NMbD1k25Xx21TQ,304 Western Ave,02135
zieUodakLeMjNuUBY3O8zg,194 Harvard Ave,02134
nV4Fso9lyZJ2W_DBYL7agw,693 Washington St,02116
-oun-dnrRXlaE0c3p0angw,485 Massachusetts Ave,02139
UgAVU0n3ysKBVoNWp4OHcg,148 1st St,02142
KycOwyjGpfuKVyqGsaOFTA,1353 Beacon St,02446
7LYzR3mMr0GLEItUxyWY7Q,28 W Broadway,02127
qJxjhLQjLcYnpcqqDHS3Jg,264 Newbury St,02116
X05LWeDT93dhQkDyCG8IeA,81 L St,02127
vy-jx5LVTbQDEXb07wC13g,101 Summer St,02110
ZfGuMUhFbSBx0yAKc0GPIA,560 Tremont St,02118
U4C0Bgoeqev9Ee1_upRccQ,581 Washington St,02111
PSp0P_3zWIQabA5HAIJBMQ,177 Massachusetts Ave,02115
BOzdu1Rv8ootQpnSBdhrng,272 Newbury St,02116
RoG1l00HKkbtFfkQM0YSyw,468 Commonwealth Ave,02215
BBblBHBnjpepOP1Q1kfi1A,682 Washington St,02111
vsS0M6qbVFaCFKYZA2Iu2g,305 Meridian St,02128
7GuI717B8NCEiKB5VVpOZg,985 Bennington St,02128
vq9wUaTg0SZvzKR8Ug2bRQ,223 Adams St,02122
RGITbQOvmiSuUIAWm9abKA,1356 Dorchester Ave,02122
V5r0E89VSK0IDzZRvrhc3g,115 Huntington Ave,02199
ckjbAB-tQ3_QEQmHSytZ6Q,100 Cambridgeside Pl,02141
WoI1IisL_AgmWdiJLRb-Zw,35 Temple Pl,02111
367aDatN4B0UNT4hNPMqPQ,541 Tremont St,02116
cqQfX8bDkR-7Ijh8JMtqJg,838 Beacon St,02215
_RWkck7niE8VJG3zLXK2ig,69 Bromfield St,02108
9VGECwLbj29RljD2WVSzaw,173 Portland St,02114
QRusfDGq8gFQiubg0ZcahQ,9 District Ave,02125
fdYXcuxCtWY5XFpiCd3Fkw,132 Brookline Ave,02215
K5hoBpUEYgwMPHtHwRDTeg,Logan International Airport Terminal C,02128
JwJa6nY_wlZEjagVleWQ-Q,84 Beacon St,02108
3K13iIrTbHmV-qpvz8C7Ew,64 Arlington St,02116
MUA4S74hYjUGVtDNf8tj6w,24 Orleans St,02128
r2CqNYEZyVT3Ay9DRYeF9w,1 Chelsea St,02129
DZm67Anqn1IQTB9iGvw4Fw,115 Stuart St,02116
yHLNNseBMmHiWI1EtjZFaw,26 North Street,02109
7bq2nCYCPuvI5o2GCFRAeg,50 Dalton St,02115
mTyK9-_6CYY6XYAG56c68Q,11 Beacon St,02108
SNJhevBiD7xFvxiEJywMxw,61 Brookline Ave,02215
pgb_V3Wk56X5HK1NfLFgcw,160 State St,02109
QeHA9K8uks9XGBxJeKzFCA,112 Canal St,02114
_kYzkcPWSCoh6UHQJcmePA,Boston Logan International Airport,02128
lad_3DljDhzE61u_GbseTA,40 Brattle St,02138
uMQDgdKA1prI6NhjPo3Njg,33 Batterymarch St,02110
IRt_9aHwWTGLKKUdNiKjDQ,95 Eliot St,02186
G4enu8vxbQk4h_2Cd3TEgA,138 Portland St,02114
Z9g2Zxf8wSXjgCanPPrnWQ,660 Cambridge St,02141
bFuUggRPBrXbSQqUbpUgUw,109 High St,02110
CzzkGwY4N-tW8lUOPKOBNA,1 Harborside Dr,02128
Y1-cXsWZ1v2rRj5MMtFsqA,11 Broad Canal Way,02142
6uuWg3RYUYzrLePphT3PQw,1626 Tremont St,02120
yoem-KW_Jln0LqsdLwLeUQ,1230 Massachusetts Ave,02138
oDycN7PPSmQEBtUYBRXvQw,200 Seaport Blvd,02210
Qfh5uqZMzS5XB-7GXsgUhw,154 Maverick St,02128
leGlDtF4iveddK_uuBC8lQ,1667 Massachusetts Ave,02138
arnbjQR2n0-6-iqdBB_gHw,147 Hanover St,02108
Ml3RevpxZKmwSmDRNzMY5A,42 Charles St,02114
meznC0oLcwFAeD_3AIyLRw,67 Main St,02129
5fAhoG03Qy99lI0v7jGFYg,352 Hanover St,02113
htEuhPBhBgMs6ShlT3G3JA,11 1/2 Thacher St,02113
AJEu9qBF1oLY6mqlek1gYg,1330 Boylston St,02215
1qwxzGRcU1y3tJrsoYQ4Rw,513 Tremont St,02116
NEyVq3SIgEQrHiGYzh2O8A,800 Boylston St,02199
AfmXvQWK7WtQGqQ7dbAKyw,289 Hanover St,02113
7OeeR33JLLrHEj9qD97f8g,319 Hanover St,02113
bNZ3-0rse12NKdSVqQ30xw,608 Main St,02139
WYnXpXym2DMtwchDcbilmg,500 Technology Sq,02139
q57nAhieOJtH1wsXhci0Nw,345 Congress St,02210
qVzbcusjDRMKCVFG-7zIyA,16 Derne St,02114
pXj9QQVummN5ANuseK4CvQ,204 Cambridge St,02114
h7ENzK5Vp6f1j6iU-U3g4w,726 E Broadway,02127
Y7QU4jhSCs2O3jUlG4vSZg,1405 Washington St,02118
Alq-zjJOfiS_0sTxYqm9xg,222 Newbury St,02116
bOsi1qC5rkfZ5-JKuP38Bg,45 Province St,02108
RssuQyiu4wUDPi3Qv5sayA,2 Brighton Ave,02134
PoegPmAHEAU7r1X1lBBzAQ,817 Harrison Ave,02118
38HqGkzDw0MSa1MoB7Xxtw,264 Hanover St,02113
onshabuosu7_VevxJMSYhg,888 Commonwealth Ave,02446
Vgy1fLRk_xyxKzWm6MUsrQ,289 Harvard St,02446
1VqftFBUMdktbt2MX5JUNQ,1 Stuart St,02116
bMcozrCMkppinCDu0C5ueA,735 Huntington Ave,02115
bS92qFD1O4eT5w97XNckZw,700 Atlantic Ave,02111
C8-SeZtLTvzZjxB5ObhRjw,289 Causeway St,02114
j_hShq99ICJFWzFNG464-w,1 Harborside Dr,02128
By_KaA2UBn4h42ZeQexPYw,1348 Boylston St,02115
5STbrZ-GGRZbhH26s7j4nA,686 Morton St,02126
xSB2iq2DoF84H0CwctG6Fg,1632 Beacon St,02446
wOsTAvCIVjB-fPQBJepMQg,74 Kneeland St,02111
w6ikRnLVAyNjv_2WJZoY8w,79 Harrison Ave,02111
aGYdF_fNHDhFCAnXoTCkGA,80 Atlantic Ave,02110
X0mY5Pf7Fj_kfWmwDEqwdQ,228 Tremont St,02116
5EmqULtZ3IFZ3hjxyXna5Q,783 Tremont St,02118
IjshhPQwClaUK1v7z_7CpQ,316 Cambridge St,02114
jARXdEubmCxBtN55PYVd7w,443 West Broadway,02127
xlOMKjE4omTgkI1eduWj8A,35 Stanhope St,02116
QFEEm3joTWU5ZF4suCuRPQ,535 Columbus Ave,02118
itOs1rPS8j8sakiwsl1PEw,154 Berkeley St,02116
RDZJY7ls8-2hNkkXFIJg4g,1375 Washington St,02118
JuTlOfaUDnqnNEG8QYnYrw,264 E Berkeley St,02118
kOqVXdqRzWIEK7XiQWxmJQ,421 Marlborough St,02115
wxe0Hxxhv4FQtI8EvrgReA,251 Main St,02129
zZ7roMv_c8R4slTMPPdkng,100 Chandler St,02116
THeSIOFvgOMoq7_iXQxFCw,96 Guest St,02135
vRlGCME1KCFPQc_hW2AVlA,401 W Broadway,02127
SeCCwykRJ7Y7S5Qok4px2w,1 8th St,02129
tFjWlJCDpANBRAPSMc5Cew,49 Melcher St,02210
nlnWODemnfzut10tzC5x3A,406 Stuart St,02116
nmSiYGAo8YA4oCXjAAgY5g,724 Huntington Ave,02120
WlsDN2Gh3_04c-FnWjzw7g,1030 Mass Ave,02138
yJZkJr3Bb5XqqoRDa22o5A,907 Boylston St,02115
c81oaaBKc7XJmoHGCudSOg,367 E 8th St,02127
8I2CBbVJnWS8w8OfkexE8g,2 Pleasant St,02129
DZnhcxnSys_emI7ZHd5jYg,138 St. James Ave,02116
zEel4VKJtybhJurBaHbsuw,149 P St,02127
eTTnOUoAhbv65vcApwhTgQ,1277 Commonwealth Ave,02134
5KHaTbBgPPvnfK8VNoMEgw,1 Seaport Ln,02210
n4XrNsqY2Oi1DB7-2hJzTw,126 Brookline Ave,02215
FyYDej3MRxz1uaDJCZMToQ,510 Atlantic Ave,02210
7li1JnbB_WKidEzJoIKX6Q,15 Bosworth St,02108
DGlk1nTaaRE6uJFJbKv45A,65 Exeter St,02116
LSmYTw4HvU0lDBK4Mg2KyQ,332 W Broadway,02127
JdWplSS3RfBFamm4FshtcA,280 Green St,02139
KPFscTq_-jGPla0cNQRUcg,4 Cambridge Ctr,02142
RdxN5oT8r6DF0P3PNV1Owg,70 Rowes Wharf,02110
VwcuTadW8apQeNvt0IRfKQ,110 Dorchester St,02127
a17mI6DjjfWDL6dpZS6oBg,111 Dartmouth St,02116
ph3SOdb_khwezTiKtwh04w,160 Milk St,02109
e9H_iMXVqdcv9oHFCDJagA,776 Boylston St,02199
oIzfAg8hEkzVrxTJaIfoPQ,2805 Washington St,02119
E8F4QcCBTXimwnJLbnt94g,772 Adams St,02122
l5r5mdi099B9zwyVL-5-Lg,1 Union St,02108
B0ZTztL-vjgm2Tc1ZxSbHg,135 Market St,02135
inAEY3i1hYR4BlJfPgKFPw,66 Hereford St,02115
W1kaR_hXKbvaK1bDRhMcZA,318 Harvard St,02446
mNjI-BGs-FMaZCdwgP_8uA,1 Bow St,02138
6O9YOWwi0a2pvn_ZoeiDlw,1 3/4 Broad St,02109
jlj0QJsckqmEtfIKZZH9OQ,20A District Ave,02125
expooI-n3P-brTBFKs2Qxg,5 Tyler St,02111
lABW8RU5XEzwQaxt-Yfv_Q,1 Brighton Ave,02134
64S86p-9Xp73pKhAE52rzA,238 Washington St,02445
ZHwcUECU8DYmZovA0AxvfQ,1923 Massachusetts Ave,02140
BCJdTd2NX4sMJFZnhsu8ug,401 Harvard St,02446
_QUh5vFHSuw8R_uiFZ7XKQ,361 Boylston St,02116
VQPcyWCvAa5v_sS9aJ7oCA,360 Longwood Ave,02215
wyVxeIuawWPeXKbhgqK8ag,27 School St,02108
eJzWmVgMY5x1n281Qw6YDQ,315 Shawmut Ave,02118
RusK8fJrhxc9GIB7tk5eng,225 Newbury St,02116
_vCiu6tvTqaHiT67caPBVw,200 Pier Four Blvd,02210
5pkmP0W8Fh-A3jnUJHOX-w,4 Kilmarnock St,02215
y0hnMm4EcplmZYUs_XpAvA,181 Massachusetts Ave,02139
8dZZy6AV4Bu_ftoDKQWpEQ,24 Dunster St,02138
WFMlEipNxrPYArq4VSaQaw,202 3rd St,02141
KENZN5yZDjVQtKzwJ5gD6Q,88 Peterborough St,02215
RgWLC2mxfQXszqzPqOOy2g,181 Chestnut Hill Ave,02135
GxhifC8yMJllH2pguLhrIg,355 Revolution Dr,02145
gQbIX1xgbeLd3LRCsL1Nbg,92 State St,02109
4MClvr12OXBNvGu8h1yGpA,249 Pearl St,02145
rpIRK9g0uM7Mao5jB39m3w,315 Huntington Ave,02115
jy1h7IhXrp6KVvgM2Z0law,26 Province St,02108
J89TOYNqvbv_evthMzmRdQ,85 Bedford St,02111
i_9BuTE40SaUqMDfrT3cnA,269 Huntington Ave,02115
SB6IVbyTvTWRAF3sQgklPQ,505 Washington St,02111
xFEyKgGkgOycAsJvVsUzVw,131 Dartmouth St,02116
bf-V94Y6ABoHz6SX7-N1_A,1166 Washington St,02118
hAIGEvUXroF7oswXCD6yww,3 Franklin St,02110
oBEI6c3hWNUMIRP5oh8Ptw,737 Huntington Ave,02115
adwsprhs0CgZNCQ1FRfYQg,370 Commonwealth Ave,02215
cuFnppYt1KYfiiCtSaZX6g,1815 Massachusetts Ave,02140
0s8iv660dB30pHK4W1r6KA,232 Tremont St,02116
qBDpPs3Wg7EmUI5XGeUEdA,1280 Beacon St,02446
vVF-M6yj3uUljHFZ_WXeiw,185 Harvard Ave,02134
GfuDpypk9ekc8OsMRTMJ0A,99 Salem St,02113
dzjVsFapiOY0hu0Yi6BQdw,187 Main St,02129
dHDZpSFJv6OruviJSU3YTA,320 Canal St,02145
H_XBx4erPI4IrUo8WySPLg,524 Massachusetts Ave,02139
5NsdznaNSUmH2O0vuo65Pw,51 Massachusetts Ave,02115
OGmH_HW9q-ttKdN_BagaxQ,811 Massachusetts Ave,02118
95isiDlZgT0iw5kYGazR_g,349 Centre St,02130
QIq-oL_3NTz9Z3aK9OizGw,663 Main St,02451
e7g8vGmr0a-YW1lBtEBLrg,477 Shawmut Ave,02118
j1WPxYKT3Qyt1PohcQfNtg,22 Harvard St,02445
n7kjRf3hMYDhCqxG6iC4Cg,56 John F Kennedy St,02138
iczbR_n2umpkpkGk0d4ukg,746 Huntington Ave,02115
2yWNJ7CMBs22tlZLZAmLDQ,288A Broadway,02145
1yUvx89slO4SRud5O3zjUQ,1363 Boylston St,02215
GTaqpwL4kCkgqUmHtlJeDQ,1033 Commonwealth Ave,02215
Aa_mYBOlhNaqKPO95ml1wQ,738 Commonwealth Ave,02215
D3EMZKhkRqUQya20IGv7lg,94 Peterborough St,02215
SH4c_oijp86ooTJmLvx6SQ,129 Jersey St,02215
Ii-aCAM4KG6RCvpMn0hOkg,145 Charles St,02114
UUCwFljstkhl2mXQLH_1_g,114 Ferry St,02148
zqfbHraCjhS5ZOT70Svn1A,145 1st St,02142
ppbkpekYrfl95JQcdYO3zQ,1721 Washington St,02118
6s0fl4nZ3c0eK0ciHy4hWQ,213 Washington St,02445
f7rqA0KFOoo3QO3_UiOzYw,781 Main St,02139
kCV-HKlQRdhAj8HNqGOnHg,1041 Tremont St,02120
MOFJbwaQ_fWzySNGbRNrJQ,1933 Massachusetts Ave,02140
4477ntkswKJ7L3a9pQlgpA,270 Babcock St,02215
XWF0qtV3GxkgfdvAjwpfzQ,132 Newbury St,02116
3DtTVTvn8FgmGuEfogXSmg,3 Beach St,02111
pEc4AsxF0nuxcg4Ac-kD2Q,6 Hemenway St,02215
W2YNtO5W_ZK6o-1t8uLcYw,63 Stuart St,02116
9kwkBVZij0Vz2GzxARwG0Q,627 Commonwealth Ave,02215
rGEsouKJywKQLYmvD2H_1Q,592 Tremont St,02118
PygaMm6O5n1UDHrbnm7uBg,542 Columbus Ave,02118
MygjpRh1SUGcV5wKroFqnA,22 Bow St,02143
VMt6IDJvPFjr4cb3j5rUrA,267 Huntington Ave,02115
iVTuysN5MoDfMdapoLLW6Q,569 Cambridge St,02141
e2m_hgBz-SoYXydUucTrbg,195 Elm St,02144
4Th4Au8kRlL_uEXR-PeayA,697 Centre St,02130
3G3GvCsArfZrhoRrIYxDkw,200 Dartmouth St,02116
xrc65jJ0rmjaZ8B-6Yt1Dw,102 Broadway,02145
1ITxRxorFrlHB-fUxmKvZA,373 Main St,02155
wuiDoeKWClLrr2g2LSXA8w,256 Marginal St,02128
H0lnJ44GvEkHoSV4WsQwtw,505 Massachusetts Ave,02139
ck8Id2EaJ20Alj0N8UMvBQ,1700 Beacon St,02446
C7FKNwSUlbUinT9cRSLXHA,795 Main St,02139
XUepp8T9xSMBuvlEG_-DrQ,900 Boylston St,02115
5LEP8Rcb4_To8amoZodtow,552 Tremont St,02118
fEKzWC1sbfZSElp46FoNag,15 Beacon St,02108
ujd0cTTtfsbC5NQ3-BB0XQ,294 Congress St,02210
xTU-NCJD7RdTphUrP7jt1w,52 Temple Pl,02111
nVpdObH9RteZ2xILtZIQFw,31 Mystic View Rd,02149
jMf8AVzX2hvDjZfix3pwQA,14 Broadway,02145
DQ1u0ef_EvdRjsou6_YNYw,1 Broadway,02149
u21_m6mewRV6pTMn9DCosA,10 Boston Wharf Rd,02210
sRNcBkZrs2bOrijfElHVyQ,44 Charles St,02114
WR6RXp1I9QmO7-21lsqD8g,314 Shawmut Ave,02118
M0Z57IL0dlzpU6QCez0wGA,229 North St,02113
mJ6wNXXsc5ettMVhrLMv-Q,74 Canal St,02114
IB3PJgunEpe0xrxNX9rQ7Q,63 Broad St,02109
QNbgjGvarXlMAchLntONFQ,65 Atlantic Ave,02109
QbG-Ju21BhbPaNztMx8p1w,72 Brighton Ave,02134
MgAG54IJeQvT3BQoSNwWBw,179 Massachusetts Ave,02115
MnA_dF1xkX-bnLR6hq4EmQ,34 Oxford St,02111
XrY1nmgajhBinQmJRZ6wfQ,695 Washington St,02111
e54WzrGWxuQBlABMCfM3DQ,228 Broadway,02139
QppHVruDZzKcyIGqdvDtRw,154 Harvard Ave,02134
Lo7ggtNcJH_he6f9osnBfg,88 Beach St,02111
RtY75rfzEP19n9Ou4DSEHQ,10 Tyler St,02111
sTDAEBOgp6glCPiLHEjdNw,40-44 Harrison Ave,02111
4mClpg19Ntiw1s75kF19Bg,9 Tyler St,02111
lsqYQYGfpe25wUZk9Wybwg,1415 Washington St,02118
WESPiF4WcuAYb_r6N4SqgQ,1310 Boylston St,02215
h1ESQaA5FvWju1Ru-2xPXQ,2 Perkins St,02130
hdBsXpL9uAllcb2QsqzK7g,294 Newbury St,02115
dRLxINn1wyUtDUUuY24GNQ,400 Brookline Ave,02215
_oFjSOkTlCjIAvgprpCLig,645 Cambridge St,02141
zNarrsjYcjkjoIfl35FeOA,231 Harrison Ave,02111
64V_ukBEQ5QNNhSkXr-kcA,260 Elm St,02144
63q10aw-6XREzuRadM3_HA,685 Washington St,02111
25jq12iDKjHzyTFGHXtlFQ,145 E Berkeley St,02118
x80bi4pYRSD5LxsY86JNsA,7 Liberty Sq,02109
8ul72NtKAPwvPfgMxnQ1SQ,409 Chelsea St,02128
ErVhEB-tMXLx76pcSVdksw,222 Berkeley St,02116
6GnCv4YXEvirUy7ZQnyYoQ,439 Tremont St,02116
3w53096TZI65qMgxhuwc2A,210 Hanover St,02113
sUBnTXhtUcOpjrZhAhHzqQ,1008 Cambridge St,02141
hpz2qRnei2IJROLJUJVvPQ,156 Blue Hill Ave,02119
hdkwBpYj1xCqpto_2ttZrw,149 Stoughton St,02125
XoBvgETT2RYIhQ_DQgLjsg,54 Devonshire St,02109
4jYkon2dF4_asouJ8S_gVQ,368 W Broadway,02127
VFvCFOYtyK9ae4Skxvf3vA,33 Union St,02108
imBg1-qcZ9Wwvw8KsQBcUg,148 State St,02109
v92qIZUQ61rrqvK0w7UpJQ,99 Broad St,02110
fmw_0vST7GjdibObHWLOuQ,278 Shawmut Ave,02118
rcn3L8ZeQebdG0K1RSRKXQ,348 Congress St,02228
Oj5Seggqo_2FfKSjcAg7yw,1 Marina Park Dr,02210
v_1d4aNN7bjiQ7aF3S0hgA,3 Lansdowne St,02215
TqDtTxBTd7a1mrJWSS2cNA,54 Bennington St,02128
D2pEDsQBUO5GIgyT8oKUxg,143 1st St,02142
-iOW4FIS61TbvsWH-vmhEQ,384 Western Ave,02135
sV538upjEMiKNVFZBS5zMQ,255 Washington St,02143
j4GcfVzq1BCXGoPtNGOtgg,611 Dorchester Ave,02127
VjU5s6LPOksItZRUDT-g0Q,1116 Boylston St,02215
_LUnyOwSpo8N5783rceT5Q,119 Seaport Blvd,02210
9XovFXshYZEqA-4v2mzh6g,134 Smith St,02120
rK-fgI2_-x0T4lxwF9L4Ww,1648 Beacon St,02445
OxobKchEqJU2BZi6qc0QBA,77 Charles St,02114
ZepRG9iVXXA-u3gH5C-UKA,710 Boylston St,02199
6sM4hFHheaRNwsd74wplEw,11 Marshall St,02108
VxoRKAebGksNn5ewTGGxQQ,161 Devonshire St,02110
bqC8cTtPJmSAW6NUVHV9YQ,108 Cambridge St,02129
aehgQxttnq8h6LEKsu9T7g,228 Cambridge St,02114
SW55xXzBd0EdZ1fWLTI1lQ,60 Rowes Wharf,02110
8I275yw-PcoFgiXROgdFMA,80 Beverly St,02114
rjPjpokoEmfxUPtB7-i3lA,8 Park St,02108
aKkBBvvvDlatW2eHWBJwkQ,20 Ericsson St,02122
QI4bVuFLwx_gArFCruDa9Q,21 Bow St,02143
5Rpjx7Q_e9uXd7Q7zEZuUA,25 Union Sq,02143
kZOD2nRIVxID6gnm-gdw5g,307 Somerville Ave,02143
HjDEAtnWmxZU5OwQOou2Ow,69 Bennington St,02128
sNktEDPAdkKdYTunm7iJRQ,57 W Dedham St,02118
IvvgLWS3J6qR4dhYMlDOPA,120 Beverly St,02114
uUMnZINNYCvgdX7jla4PLA,40 Broad St,02109
mmJ2ixPN8NIkEEIM4oHd8g,60 Seaport Blvd,02210
PLuitJs0KkdjVE8wVlTZ_A,110 Huntington Avenue,02116
ev0CyR6RXtt-2mjQciY3nw,19-21 Jersey St,02215
MUs4mWUZWzR4UabPKeq-Gg,640 Atlantic Ave Train Terminal,02110
oxmZUKcbHaTR30DydXNDtQ,1172 Cambridge St,02139
VDSQSf6GgRk0Q9eZp1q1Gw,900 Beacon St,02215
O4YoPGlWaGGnBE-5EHUweg,70 Charles St,02114
BruAH-ErE2dGQbGZDqKxuw,160 Massachusetts Ave,02115
YvjAuYJyW7HZ1r7FGk1y3g,399 Boylston St,02116
zOOiBmo7mrXi7AR4N7Xswg,369 Huntington Ave,02115
MKdL3zHlpqgTUg-UjonEaw,73 Ames St,02142
382AcCgS-JmUPgXWkmDStg,1402 Beacon St,02446
a3p77nnJtZvJSLiLZRf1FA,484 Commonwealth Ave,02215
CAfckfjLcWHOaDRcQNInZQ,40 Bow St,02143
WjnPQa6DYwnOLWA1X3EISg,329 Sumner St,02128
T-kJzBxAIod85_y-f_0lAg,279 Newbury St,02116
L9S4WSPE3r1Bg9KgIlTqpA,57 JFK St,02138
V6ehBf1uJoMgA4XoqNHdbw,578 Tremont St,02118
m4qhmWNKfgbJ502Zo6uZlw,55 Boston Wharf Rd,02210
KsL4dU2UkF4kf5G5fU9x2w,23 Union Sq,02143
bNKz_3aDb-YX6l4jnslQUA,157 Sutherland Rd,02135
nijacBMGySzM0sBsYYxUhQ,225 Hampshire St,02139
2ryBsj0YPSGfIBedQIWJgA,1111 Dorchester Ave,02125
RNT9iZrI6Pin-YHdYvZvLA,482 Washington St,02124
AOiNvHQUa5tAJN7Xt4176A,2 Broad St,02109
0qmGd3I6dFkJ3auDgRZl4Q,1271 Cambridge St,02139
JbUjGjc_K_Od9s3ysv142g,190 N Beacon St,02135
xQ1ZtOzzZXxKYvE3DNX_zg,1 Lovejoy Wharf,02114
Bmvu1grPzxECp7dxm8zerA,1 Kendall Sq,02139
7dzyLlNQXwuPsmvquuaVIA,251 Massachusetts Ave,02115
l3WhYJjciKbA8_oxiaUu3Q,389 Centre St,02130
CoZmZKv2lCYd-UoAsAUobA,739 Massachusetts Ave,02139
DzJumFwRmQKJOiLWHAZA9A,334 Massachusetts Ave,02115
00auKm-dnzG62uRQahOUhg,291 Roxbury St,02119
0AOdsO0aRRRlwxH_MGeoWg,185 Dudley St,02119
SRxyxADqvY3gb8f76nDRTQ,,02215
C9SJfJJmlqDvsgSNR569Xw,58 Beach St,02111
YGoNygBanbHP7bpkpnrv7g,431 Boylston St,02116
_A6fj7b4qwnmcEEOYOu5vw,129 Brighton Ave,02134
oDoacShrKZFDO-X4NrhKUg,381 Summer St,02144
WPgqsaFJBr2mJxyNrAiCFQ,47 Woodside Ave,02152
znkU8_QJ4Dksd8XUVjXBcg,43 Northern Ave,02210
rQ8NMRJfhTTV77gFoVYHyA,585 Somerville Ave,02143
UGJpzdTghcvMekA1ML0-kA,83 Main St,02129
RBx16Q13I43yUESbTnzEgA,1128 Cambridge St,02139
v95Rm0Lu9Y_w3iRd-YDskg,1121 Cambridge St,02139
oYpQs22iUr68hSiTh7pMRA,266 Bowdoin St,02122
y1sfdxrbmE5GKLF29H0NJA,225 William F McClellan,02128
63DvXSks1tHIDajOGvwnRQ,296 Hanover St,02113
a0O5NuSQpM8hct6_hKFlpA,508 Medford St,02145
HxegWRjhi7m73mXRI8qQIg,24 Pearl St,02139
PEz6_fgetbBgS_OTqXZFrQ,1236 Dorchester Ave,02125
gJWbeL6cDgcPvvZSnxo6cQ,107 Seaport Blvd,02210
F3mkWiwfz_RN8zThINCAdw,100 Van Ness St,02215
tmukRbz8JRL2KFrf-LDQUA,84 Harrison Ave,02111
-5gWvrcKOPmhlcZju3tpbw,12 Farnsworth St,02210
brOzmNDA4_3BehZ3d6c2GQ,201 Washington St,02108
WX5HDdUTwYWhu6XDtawDhw,326 Cambridge St,02114
9Zir6NdvN0W2eIuuHQosnQ,735 Massachusetts Ave,02139
vMm2gDPLq7ojknVBIwmBjQ,66 Summer St,02143
e0Xqct07zghIfUQrSITjaw,130 N Beacon St,02135
UD06vJvWVFlwx3iPhXupIg,2306 Washington St,02119
6_NxWHy4flcwAlxMlK3ONQ,659 Boylston St,02116
n4w8EfGk828qQehX9JSehQ,765 Mass Ave,02139
BIoOo38v1aoYE5vlOUd1-w,888 Commonwealth Ave,02446
1_bIwtYU3RYuPooHpAIQZg,300 Beacon St,02143
AYXI075xCbAK-B-acG1Hyw,296 State St,02109
WsOF8iS1aRNVKVJdCPG0TQ,580 Mt Auburn St,02472
6jJldJSssvuT50o2agT9dg,352 Massachusetts Ave,02474
20m21Q_2_kHQxTdt8z4i4A,1003 Massachusetts Ave,02118
Zf70bCxwMFD1TCBKr13LQQ,178 Kneeland St,02111
_tkRmWRJpRDiXCzxNZSEIA,9 Bowdoin St,02114
BVmai7GjUgVXpgCPYDLlrw,745 Boylston St,02116
44uFnSanJ1umQRsYFm5zCQ,42 Beach St,02111
IeJ6oKr3MW5bSlwmlkknwg,209 Columbus Ave,02116
